{
  "trial": 0,
  "params": {
    "T": 2,
    "S": 7,
    "lr": 0.0010819670766743707,
    "temp": 1.4846573379591046,
    "c_puct": 0.6890627768742349,
    "hidden": 128
  },
  "budget": {
    "games": 8,
    "epochs": 2,
    "batch": 64,
    "eval_n": 3
  },
  "seed": 0,
  "device": "cpu",
  "board": 9
}